,Premis Desc,Premis Cd
0,SINGLE FAMILY DWELLING,501.0
1,SIDEWALK,102.0
2,POLICE FACILITY,726.0
3,"MULTI-UNIT DWELLING (APARTMENT, DUPLEX, ETC)",502.0
4,BEAUTY SUPPLY STORE,409.0
5,NIGHT CLUB (OPEN EVENINGS ONLY),735.0
6,DEPARTMENT STORE,404.0
9,OTHER BUSINESS,203.0
10,STREET,101.0
11,PARKING LOT,108.0
12,HOTEL,503.0
14,"COFFEE SHOP (STARBUCKS, COFFEE BEAN, PEET'S, ETC.)",252.0
19,ALLEY,103.0
20,CONDOMINIUM/TOWNHOUSE,507.0
27,PUBLIC RESTROOM/OUTSIDE*,148.0
33,GARAGE/CARPORT,707.0
34,MTA BUS,801.0
39,NURSING/CONVALESCENT/RETIREMENT HOME,510.0
42,MINI-MART,401.0
46,"VEHICLE, PASSENGER/TRUCK",122.0
49,OTHER STORE,406.0
58,GROUP HOME,514.0
60,MTA - RED LINE - UNION STATION,900.0
63,RESTAURANT/FAST FOOD,210.0
66,MTA - RED LINE - PERSHING SQUARE,902.0
82,DRUG STORE,403.0
86,"GOVERNMENT FACILITY (FEDERAL,STATE, COUNTY & CITY)",725.0
90,SINGLE RESIDENCE OCCUPANCY (SRO'S) LOCATIONS,516.0
92,PARKING UNDERGROUND/BUILDING,123.0
98,MOTEL,505.0
101,HOSPITAL,701.0
104,DRIVEWAY,104.0
143,MARKET,402.0
144,LA UNION STATION (NOT LINE SPECIFIC),834.0
147,MISSIONS/SHELTERS,517.0
160,BAR/COCKTAIL/NIGHTCLUB,207.0
165,TOW YARD*,151.0
167,DETENTION/JAIL FACILITY,753.0
178,OTHER PREMISE,710.0
187,CELL PHONE STORE,248.0
195,CLOTHING STORE,405.0
198,BANK,602.0
205,MTA - BLUE LINE - 7TH AND METRO CENTER,931.0
231,OTHER/OUTSIDE,116.0
232,STAPLES CENTER *,741.0
261,CONSTRUCTION SITE,118.0
273,MEDICAL/DENTAL OFFICES,719.0
281,MTA - RED LINE - 7TH AND METRO CENTER,903.0
295,LIQUOR STORE,202.0
297,TOBACCO SHOP,244.0
304,HIGH-RISE BUILDING,744.0
323,MUNICIPAL BUS LINE INCLUDES LADOT/DASH,802.0
341,OTHER RESIDENCE,504.0
344,BUS STOP,124.0
359,MTA - PURPLE LINE - PERSHING SQUARE,917.0
392,JEWELRY STORE,201.0
412,BAR/SPORTS BAR (OPEN DAY & NIGHT),733.0
417,LIBRARY,738.0
438,SEX ORIENTED/BOOK STORE/STRIP CLUB/GENTLEMAN'S CLUB,706.0
455,MTA - PURPLE LINE - CIVIC CENTER/GRAND PARK,916.0
468,MTA - RED LINE - CIVIC CENTER/GRAND PARK,901.0
478,UNDERPASS/BRIDGE*,152.0
482,SHOPPING MALL (COMMON AREA),727.0
483,TRANSPORTATION FACILITY (AIRPORT),212.0
490,PARK/PLAYGROUND,109.0
514,HEALTH SPA/GYM,717.0
524,FRAT HOUSE/SORORITY/DORMITORY,508.0
548,YARD (RESIDENTIAL/BUSINESS),121.0
618,"PORCH, RESIDENTIAL",119.0
629,MTA - GOLD LINE - UNION STATION,966.0
637,BEAUTY/BARBER SHOP,218.0
695,AMTRAK TRAIN,810.0
725,NAIL SALON,220.0
745,FURNITURE STORE,413.0
750,7TH AND METRO CENTER (NOT LINE SPECIFIC),835.0
752,GAS STATION,301.0
772,PUBLIC STORAGE,221.0
843,COLLEGE/JUNIOR COLLEGE/UNIVERSITY,722.0
858,CONVENTION CENTER,713.0
863,LAUNDROMAT,222.0
876,OFFICE BUILDING/OFFICE,702.0
914,ABANDONED BUILDING ABANDONED HOUSE,506.0
1025,ENTERTAINMENT/COMEDY CLUB (OTHER),703.0
1071,MTA - EXPO LINE - 7TH AND METRO CENTER,940.0
1118,BASKETBALL COURTS,757.0
1171,"OTHER RR TRAIN (UNION PAC, SANTE FE ETC",811.0
1176,MUSEUM,754.0
1229,"TRUCK, COMMERICAL",113.0
1258,TUNNEL,106.0
1264,CHURCH/CHAPEL (CHANGED 03-03 FROM CHURCH/TEMPLE),708.0
1289,ELEVATOR,728.0
1308,PHARMACY INSIDE STORE OR SUPERMARKET*,235.0
1315,MTA PROPERTY OR PARKING LOT,135.0
1343,HIGH SCHOOL,721.0
1350,TAXI,114.0
1389,BUS-CHARTER/PRIVATE,111.0
1392,JUNIOR HIGH SCHOOL,720.0
1493,MTA - RED LINE - VERMONT/BEVERLY,906.0
1527,AUTOMATED TELLER MACHINE (ATM),605.0
1529,MTA - RED LINE - WESTLAKE/MACARTHUR PARK,904.0
1578,SWAP MEET,216.0
1589,PRIVATE SCHOOL/PRESCHOOL,723.0
1690,STAIRWELL*,138.0
1730,FREEWAY,110.0
1736,ELEMENTARY SCHOOL,704.0
1763,MTA - RED LINE - VERMONT/SANTA MONICA,907.0
1795,"DIY CENTER (LOWE'S,HOME DEPOT,OSH,CONTRACTORS WAREHOUSE)",243.0
1854,VALET,156.0
1914,CYBERSPACE,750.0
1950,SPECIALTY SCHOOL/OTHER,729.0
1988,AUTO REPAIR SHOP,217.0
2053,STORAGE SHED,120.0
2068,"DISCOUNT STORE (99 CENT,DOLLAR,ETC.",242.0
2102,"AUTO DEALERSHIP (CHEVY, FORD, BMW, MERCEDES, ETC.)",255.0
2128,MAIL BOX,145.0
2144,MOBILE HOME/TRAILERS/CONSTRUCTION TRAILERS/RV'S/MOTORHOME,509.0
2215,APARTMENT/CONDO COMMON LAUNDRY ROOM,515.0
2408,MTA - EXPO LINE - EXPO/WESTERN,946.0
2430,AUTO SUPPLY STORE*,408.0
2473,"DELIVERY SERVICE (FED EX, UPS, COURIERS,COURIER SERVICE)*",232.0
2574,RECYCLING CENTER,251.0
2638,MTA - EXPO LINE - EXPO/CRENSHAW,947.0
2703,MTA - EXPO LINE - EXPO/LA BREA,949.0
2903,PROJECT/TENEMENT/PUBLIC HOUSING,511.0
2906,HOSPICE,237.0
2939,TRANSITIONAL HOUSING/HALFWAY HOUSE,518.0
3056,DAY CARE/CHILDREN*,231.0
3140,CAR WASH,247.0
3171,MTA - EXPO LINE - JEFFERSON/USC,943.0
3183,COLISEUM,712.0
3288,MTA - EXPO LINE - EXPO/VERMONT,945.0
3394,MTA - EXPO LINE - EXPO PARK/USC,944.0
3525,MTA - SILVER LINE - HARBOR GATEWAY TRANSIT CTR,897.0
3622,WAREHOUSE,213.0
4113,STUDIO (FILM/PHOTOGRAPHIC/MUSIC),254.0
4132,CHECK CASHING*,229.0
4133,PET STORE,411.0
4265,PATIO*,146.0
4318,MTA - ORANGE LINE - NORTH HOLLYWOOD,868.0
4450,BEACH,117.0
4510,TRANSIENT ENCAMPMENT,158.0
4617,VACANT LOT,107.0
4633,TRASH CAN/TRASH DUMPSTER,127.0
4720,SLIPS/DOCK/MARINA/BOAT,705.0
4731,BALCONY*,140.0
4874,MANUFACTURING COMPANY,204.0
4937,PAWN SHOP,211.0
5151,VISION CARE FACILITY*,236.0
5180,NURSERY/FLOWER SHOP,249.0
5238,METROLINK TRAIN,809.0
5425,"ELECTRONICS STORE (IE:RADIO SHACK, ETC.)",412.0
5486,THE BEVERLY CONNECTION,417.0
5535,THE GROVE,415.0
6168,PUBLIC RESTROOM(INDOORS-INSIDE),709.0
6232,FIRE STATION,752.0
6264,POST OFFICE,732.0
6285,SYNAGOGUE/TEMPLE,730.0
6353,MASSAGE PARLOR,718.0
6476,AUTO SALES LOT,208.0
6649,GOLF COURSE*,144.0
6692,HARDWARE/BUILDING SUPPLY,407.0
7012,MTA - ORANGE LINE - BALBOA,875.0
7087,THE BEVERLY CENTER,416.0
7696,DRIVE THRU*,142.0
7914,TATTOO PARLOR*,233.0
8073,BOWLING ALLEY*,228.0
8176,SHORT-TERM VACATION RENTAL,519.0
8613,MTA - GOLD LINE - HIGHLAND PARK,971.0
8933,DRIVE THRU BANKING (WINDOW)*,606.0
8977,EQUIPMENT RENTAL,209.0
9270,"MEMBERSHIP STORE (COSTCO,SAMS CLUB)*",410.0
9331,DAY CARE/ADULTS*,230.0
9419,MTA - ORANGE LINE - CHATSWORTH,885.0
9724,"VEHICLE STORAGE LOT (CARS, TRUCKS, RV'S, BOATS, TRAILERS, ETC.)",157.0
10006,CEMETARY*,141.0
11057,OIL REFINERY,303.0
11113,SKATEBOARD FACILITY/SKATEBOARD PARK*,736.0
11186,MTA - RED LINE - VERMONT/SUNSET,908.0
11485,CLEANER/LAUNDROMAT,219.0
12472,VETERINARIAN/ANIMAL HOSPITAL,755.0
12885,GUN/SPORTING GOODS,205.0
12972,"BUS, SCHOOL, CHURCH",112.0
13179,MEDICAL MARIJUANA FACILITIES/BUSINESSES,239.0
13199,MTA - GREEN LINE - AVIATION/LAX,958.0
13228,MTA - BLUE LINE - SAN PEDRO,934.0
13231,WEBSITE,751.0
13239,MTA - RED LINE - HOLLYWOOD/WESTERN,909.0
13427,GREYHOUND OR INTERSTATE BUS,804.0
13555,CREDIT UNION,603.0
13786,MTA - RED LINE - NORTH HOLLYWOOD,913.0
14081,FOSTER HOME BOYS OR GIRLS*,512.0
14288,MTA - EXPO LINE - EXPO/SEPULVEDA,953.0
14866,THEATRE/MOVIE,716.0
15266,MTA - RED LINE - HOLLYWOOD/HIGHLAND,911.0
15544,OTHER PLACE OF WORSHIP,740.0
15817,AIRCRAFT,115.0
15942,BUS STOP/LAYOVER (ALSO QUERY 124),128.0
16730,PEDESTRIAN OVERCROSSING,105.0
17779,TRAIN TRACKS,154.0
17787,MTA - EXPO LINE - EXPO/BUNDY,954.0
18055,MTA - GOLD LINE - CHINATOWN,967.0
18426,MTA - GOLD LINE - SOTO,962.0
18469,FACTORY,302.0
18506,MTA - RED LINE - HOLLYWOOD/VINE,910.0
19238,ABORTION CLINIC/ABORTION FACILITY*,227.0
19517,RIVER BED*,149.0
19606,MTA - ORANGE LINE - RESEDA,876.0
20445,MTA - EXPO LINE - FARMDALE,948.0
20478,OPTICAL OFFICE INSIDE STORE OR SUPERMARKET*,234.0
20658,BOOK STORE,414.0
20690,MTA - SILVER LINE - HARBOR FWY,895.0
21209,POOL-PUBLIC/OUTDOOR OR INDOOR*,147.0
23397,MTA - PURPLE LINE - WESTLAKE/MACARTHUR PARK,919.0
23468,BANKING INSIDE MARKET-STORE *,607.0
23862,MTA - EXPO LINE - PALMS,951.0
24450,"TRAIN DEPOT/TERMINAL, OTHER THAN MTA",215.0
24712,"BUS DEPOT/TERMINAL, OTHER THAN MTA",214.0
25342,"SPORTS VENUE, OTHER",742.0
26286,MTA - GOLD LINE - SOUTHWEST MUSEUM,970.0
27171,DAM/RESERVOIR,155.0
28703,MTA - ORANGE LINE - WOODMAN,871.0
28932,MTA - EXPO LINE - LA CIENEGA/JEFFERSON,950.0
29034,MTA - PURPLE LINE - 7TH AND METRO CENTER,918.0
30272,MTA - ORANGE LINE - VAN NUYS,872.0
30693,TRADE SCHOOL (MEDICAL-TECHNICAL-BUSINESS)*,724.0
31154,TV/RADIO/APPLIANCE,206.0
31186,MTA - BLUE LINE - PICO,932.0
32038,MTA - GOLD LINE - MARIACHI PLAZA,963.0
36328,COMPUTER SERVICES/REPAIRS/SALES,250.0
36862,MTA - BLUE LINE - GRAND/LATTC,933.0
37111,MORTUARY,253.0
37115,MTA - PURPLE LINE - UNION STATION,915.0
37445,ABATEMENT LOCATION,513.0
38890,SPORTS ARENA,739.0
39246,MTA - EXPO LINE - WESTWOOD/RANCHO PARK,952.0
39736,SAVINGS & LOAN,601.0
42111,TOOL SHED*,150.0
42664,CATERING/ICE CREAM TRUCK,245.0
44530,MTA - ORANGE LINE - WOODLEY,874.0
45107,MTA - GOLD LINE - HERITAGE SQ,969.0
46355,RECORD-CD MUSIC/COMPUTER GAME STORE,225.0
46465,MTA - EXPO LINE - PICO,941.0
48389,ESCALATOR*,143.0
49965,SEWAGE FACILITY/PIPE,746.0
50437,DODGER STADIUM,714.0
59508,METHADONE CLINIC,246.0
59679,PAY PHONE,125.0
65046,SURPLUS SURVIVAL STORE,224.0
83114,MTA - ORANGE LINE - SEPULVEDA,873.0
83414,MTA - EXPO LINE - LATTC/ORTHO INSTITUTE,942.0
91877,MASS GATHERING LOCATION,743.0
92559,WATER FACILITY,745.0
96901,MTA - BLUE LINE - WASHINGTON,935.0
99436,MTA - ORANGE LINE - VALLEY COLLEGE,870.0
100285,MTA - ORANGE LINE - SHERMAN WAY,882.0
102472,"TERMINAL, OTHER THAN MTA",129.0
103111,MTA - PURPLE LINE - WILSHIRE/NORMANDIE,921.0
103809,MTA - PURPLE LINE - WILSHIRE/WESTERN,922.0
104476,MTA - RED LINE - WILSHIRE/VERMONT,905.0
104929,MTA - GREEN LINE - AVALON,956.0
105186,MTA - BLUE LINE - 103RD/WATTS TOWERS,937.0
105328,MTA - PURPLE LINE - WILSHIRE/VERMONT,920.0
105699,MTA - GREEN LINE - HARBOR FWY,957.0
109732,MTA - RED LINE - UNIVERSAL CITY/STUDIO CITY,912.0
114308,MTA - BLUE LINE - VERNON,936.0
117278,MTA - ORANGE LINE - CANOGA,880.0
119379,HANDBALL COURTS,758.0
137988,MTA - SILVER LINE - SLAUSON,893.0
151453,GARMENT MANUFACTURER,304.0
156462,MTA - ORANGE LINE - PIERCE COLLEGE,878.0
171001,MOSQUE*,731.0
181609,MTA - ORANGE LINE - DE SOTO,879.0
364056,"TRAIN, OTHER THAN MTA (ALSO QUERY 809/810/811)",126.0
631708,HARBOR FRWY STATION (NOT LINE SPECIFIC),836.0
